isocode,isonum,country,rugged,rugged_popw,rugged_slope,rugged_lsd,rugged_pc,land_area,lat,lon,soil,desert,tropical,dist_coast,near_coast,gemstones,rgdppc_2000,rgdppc_1950_m,rgdppc_1975_m,rgdppc_2000_m,rgdppc_1950_2000_m,q_rule_law,cont_africa,cont_asia,cont_europe,cont_oceania,cont_north_america,cont_south_america,legor_gbr,legor_fra,legor_soc,legor_deu,legor_sca,colony_esp,colony_gbr,colony_fra,colony_prt,colony_oeu,africa_region_n,africa_region_s,africa_region_w,africa_region_e,africa_region_c,slave_exports,dist_slavemkt_atlantic,dist_slavemkt_indian,dist_slavemkt_saharan,dist_slavemkt_redsea,pop_1400,european_descent
ABW,533,Aruba,0.462,0.38,1.226,0.14400000000000002,0.0,18.0,12.508,-69.97,21.324,0.0,100.0,0.001,100.0,0,,,,,,,0,0,0,0,1,0,0.0,1.0,0.0,0.0,0.0,0,0,0,0,0,0,0,0,0,0,0.0,,,,,614.0,
AFG,4,Afghanistan,2.5180000000000002,1.469,7.414,0.72,39.004,65209.0,33.833,66.02600000000001,27.849,4.356,0.0,0.922,0.0,0,,644.756,720.633,565.231,679.791,-1.6869999999999998,0,1,0,0,0,0,0.0,1.0,0.0,0.0,0.0,0,0,0,0,0,0,0,0,0,0,0.0,,,,,1870829.0,0.0
AGO,24,Angola,0.858,0.7140000000000001,2.274,0.228,4.906000000000001,124670.0,-12.299000000000001,17.551,26.676,0.425,44.346000000000004,0.428,13.1587,47756,1794.729,1051.822,1073.036,765.215,1106.763,-1.567,1,0,0,0,0,0,0.0,1.0,0.0,0.0,0.0,0,0,0,1,0,0,0,0,0,1,3610000.0,5.669,6.981,4.926,3.872,1223208.0,2.0
AIA,660,Anguilla,0.013000000000000001,0.01,0.026000000000000002,0.006,0.0,9.0,18.230999999999998,-63.06399999999999,100.0,0.0,100.0,0.0,100.0,0,,,,,,,0,0,0,0,1,0,,,,,,0,0,0,0,0,0,0,0,0,0,0.0,,,,,,
ALB,8,Albania,3.427,1.597,10.450999999999999,1.006,62.133,2740.0,41.143,20.07,68.08800000000001,0.0,0.0,0.048,94.6919,0,3703.113,1001.3389999999999,2289.472,2741.42,1931.7839999999999,-0.82,0,0,1,0,0,0,0.0,0.0,1.0,0.0,0.0,0,0,0,0,0,0,0,0,0,0,0.0,,,,,200000.0,100.0
AND,20,Andorra,5.7170000000000005,6.722,17.774,1.6159999999999999,99.064,47.0,42.551,1.5759999999999998,0.0,0.0,0.0,0.134,0.0,0,,,,,,1.515,0,0,1,0,0,0,0.0,1.0,0.0,0.0,0.0,0,0,0,0,0,0,0,0,0,0,0.0,,,,,,
ANT,530,Netherlands Antilles,0.255,0.039,0.68,0.08,0.0,80.0,12.725,-68.157,24.595,0.0,74.555,0.001,100.0,0,,,,,,,0,0,0,0,1,0,0.0,1.0,0.0,0.0,0.0,0,0,0,0,0,0,0,0,0,0,0.0,,,,,1802.0,
ARE,784,United Arab Emirates,0.769,0.316,2.112,0.191,6.142,8360.0,23.913,54.331,0.0,77.28,0.0,0.065,75.7464,0,20604.46,15797.558,25465.002,17567.883,20119.992,0.9129999999999999,0,1,0,0,0,0,1.0,0.0,0.0,0.0,0.0,0,1,0,0,0,0,0,0,0,0,0.0,,,,,19200.0,0.0
ARG,32,Argentina,0.775,0.22,2.2680000000000002,0.226,9.407,273669.0,-35.396,-65.17,35.678000000000004,0.0,0.0,0.35200000000000004,13.0167,0,12173.68,4986.725,8122.496999999999,8543.558,6926.81,0.033,0,0,0,0,0,1,0.0,1.0,0.0,0.0,0.0,1,0,0,0,0,0,0,0,0,0,0.0,,,,,276632.0,89.889
ARM,51,Armenia,2.688,0.934,8.177999999999999,0.799,50.556000000000004,2820.0,40.294000000000004,44.938,30.148000000000003,0.0,0.0,0.348,0.0,0,2421.985,,,4565.035,,-0.45299999999999996,0,1,0,0,0,0,0.0,0.0,1.0,0.0,0.0,0,0,0,0,0,0,0,0,0,0,0.0,,,,,105743.0,0.5
ASM,16,American Samoa,2.647,1.63,7.032,0.792,44.303000000000004,20.0,-14.2,-170.388,100.0,0.0,100.0,0.0,100.0,0,,,,,,,0,0,0,1,0,0,1.0,0.0,0.0,0.0,0.0,0,0,0,0,0,0,0,0,0,0,0.0,,,,,,
ATG,28,Antigua and Barbuda,0.006,0.003,0.012,0.003,0.0,44.0,17.271,-61.8,100.0,0.0,100.0,0.001,100.0,0,10022.03,,,,,0.99,0,0,0,0,1,0,1.0,0.0,0.0,0.0,0.0,0,1,0,0,0,0,0,0,0,0,0.0,,,,,747.0,
AUS,36,Australia,0.14300000000000002,0.183,0.405,0.045,0.685,768230.0,-25.733,134.487,14.248,10.889000000000001,14.68,0.336,20.9399,264154,25417.44,7411.576999999999,13169.83,21605.334,13184.232,1.7730000000000001,0,0,0,1,0,0,1.0,0.0,0.0,0.0,0.0,0,1,0,0,0,0,0,0,0,0,0.0,,,,,200000.0,89.954
AUT,40,Austria,3.513,1.1520000000000001,11.095,1.008,54.306999999999995,8245.0,47.589,14.14,55.098,0.0,0.0,0.242,2.2563400000000002,0,28987.84,3706.075,11646.408000000001,20691.416,11601.704,1.8530000000000002,0,0,1,0,0,0,0.0,0.0,0.0,1.0,0.0,0,0,0,0,0,0,0,0,0,0,0.0,,,,,1250000.0,98.4
AZE,31,Azerbaijan,1.672,0.534,5.08,0.49,27.713,8260.5,40.288000000000004,47.528,60.957,0.0,0.0,0.584,0.0,0,2570.944,,,2538.14,,-1.0070000000000001,0,1,0,0,0,0,0.0,0.0,1.0,0.0,0.0,0,0,0,0,0,0,0,0,0,0,0.0,,,,,226250.0,4.0
BDI,108,Burundi,1.78,1.5859999999999999,4.721,0.5,27.519000000000002,2568.0,-3.365,29.886999999999997,24.049,0.0,75.354,0.9059999999999999,0.0,0,621.6519999999999,360.142,534.8580000000001,495.977,530.763,-1.25,1,0,0,0,0,0,0.0,1.0,0.0,0.0,0.0,0,0,0,0,1,0,0,0,1,0,86.99700000000001,10.626,2.57,3.719,2.215,239693.0,0.0
BEL,56,Belgium,0.38799999999999996,0.261,1.239,0.109,0.17800000000000002,3023.0,50.641999999999996,4.6610000000000005,48.967,0.0,0.0,0.113,45.9637,0,27302.99,5462.205,12440.785,20656.459,12223.306,1.413,0,0,1,0,0,0,0.0,1.0,0.0,0.0,0.0,0,0,0,0,0,0,0,0,0,0,0.0,,,,,773466.0,98.0
BEN,204,Benin,0.141,0.099,0.377,0.045,0.013999999999999999,11062.0,9.65,2.339,74.973,0.0,97.48899999999999,0.36700000000000005,10.2806,0,959.222,1083.628,969.318,1282.8980000000001,1082.474,-0.23,1,0,0,0,0,0,0.0,1.0,0.0,0.0,0.0,0,0,1,0,0,0,0,1,0,0,457000.0,5.121,9.234,2.835,3.9019999999999997,348867.0,0.0
BFA,854,Burkina Faso,0.23600000000000002,0.214,0.638,0.066,0.051,27360.0,12.274000000000001,-1.7469999999999999,56.909,0.0,49.82,0.735,0.0,0,998.416,474.31300000000005,669.515,921.09,719.5110000000001,-0.52,1,0,0,0,0,0,0.0,1.0,0.0,0.0,0.0,0,0,1,0,0,0,0,1,0,0,167000.0,4.775,9.299,2.764,4.239,692976.0,0.0
BGD,50,Bangladesh,0.18600000000000003,0.065,0.502,0.053,1.817,13017.0,23.848000000000003,90.27,41.883,0.0,75.038,0.071,71.3844,0,1479.086,539.544,528.607,861.7,599.122,-0.807,0,1,0,0,0,0,1.0,0.0,0.0,0.0,0.0,0,1,0,0,0,0,0,0,0,0,0.0,,,,,9103705.0,0.0
BGR,100,Bulgaria,1.479,0.711,4.498,0.42700000000000005,20.195999999999998,11063.0,42.765,25.239,82.101,0.0,0.0,0.149,31.4395,0,5979.170999999999,1651.031,5830.809,5349.920999999999,4567.501,-0.16,0,0,1,0,0,0,0.0,0.0,1.0,0.0,0.0,0,0,0,0,0,0,0,0,0,0,0.0,,,,,894427.0,98.85
BHR,48,Bahrain,0.231,0.163,0.627,0.063,0.0,71.0,26.025,50.565,0.0,0.0,0.0,0.002,100.0,0,15928.09,2104.4539999999997,3922.257,5058.844,3776.897,0.457,0,1,0,0,0,0,1.0,0.0,0.0,0.0,0.0,0,1,0,0,0,0,0,0,0,0,0.0,,,,,31897.0,0.0
BHS,44,Bahamas,0.055,0.1,0.14400000000000002,0.017,0.0,1001.0,24.255,-76.61,13.924000000000001,0.0,100.0,0.003,100.0,0,16977.2,,,,,1.063,0,0,0,0,1,0,1.0,0.0,0.0,0.0,0.0,0,1,0,0,0,0,0,0,0,0,0.0,,,,,1276.0,
BIH,70,Bosnia and Herzegovina,2.311,1.288,7.075,0.665,40.253,5120.0,44.175,17.784000000000002,76.888,0.0,0.0,0.11699999999999999,42.7623,0,5294.975,,,5572.281999999999,,-0.44,0,0,1,0,0,0,0.0,0.0,1.0,0.0,0.0,0,0,0,0,0,0,0,0,0,0,0.0,,,,,366341.0,100.0
BLR,112,Belarus,0.16399999999999998,0.20800000000000002,0.54,0.046,0.0,20748.0,53.542,28.054000000000002,50.611000000000004,0.0,0.0,0.598,0.0,0,4802.11,,,6264.544,,-0.9,0,0,1,0,0,0,0.0,0.0,1.0,0.0,0.0,0,0,0,0,0,0,0,0,0,0,0.0,,,,,487364.0,100.0
BLZ,84,Belize,0.607,0.226,1.6159999999999999,0.174,6.568,2281.0,17.205,-88.68700000000001,35.49,0.0,100.0,0.026000000000000002,100.0,0,5869.233,,,,,0.257,0,0,0,0,1,0,1.0,0.0,0.0,0.0,0.0,0,1,0,0,0,0,0,0,0,0,0.0,,,,,5326.0,39.91
BMU,60,Bermuda,0.015,0.013999999999999999,0.03,0.006,0.0,5.0,32.31,-64.77199999999999,20.0,0.0,0.0,0.0,100.0,0,,,,,,1.255,0,0,0,0,1,0,1.0,0.0,0.0,0.0,0.0,0,0,0,0,0,0,0,0,0,0,0.0,,,,,601.0,
BOL,68,Bolivia,0.853,0.9109999999999999,2.343,0.258,13.57,108438.0,-16.71,-64.66199999999999,31.807,0.0,64.878,0.655,0.0,0,2398.855,1919.359,2515.915,2574.755,2153.277,-0.327,0,0,0,0,0,1,0.0,1.0,0.0,0.0,0.0,1,0,0,0,0,0,0,0,0,0,0.0,,,,,829897.0,26.732
BRA,76,Brazil,0.24,0.25,0.654,0.076,0.5579999999999999,845942.0,-10.775,-53.085,18.783,0.0,88.56700000000001,0.642,9.68309,12159,7300.865,1671.723,4189.509,5556.415,3761.573,-0.257,0,0,0,0,0,1,0.0,1.0,0.0,0.0,0.0,0,0,0,1,0,0,0,0,0,0,0.0,,,,,931150.0,74.43
BRB,52,Barbados,0.963,0.695,2.5810000000000004,0.289,3.823,43.0,13.167,-59.555,30.588,0.0,100.0,0.002,100.0,0,15290.579,,,,,0.76,0,0,0,0,1,0,1.0,0.0,0.0,0.0,0.0,0,1,0,0,0,0,0,0,0,0,0.0,,,,,3403.0,
BRN,96,Brunei Darussalam,0.52,0.134,1.3659999999999999,0.162,5.0889999999999995,527.0,4.521,114.74799999999999,62.29,0.0,100.0,0.023,100.0,0,,,,,,0.59,0,1,0,0,0,0,1.0,0.0,0.0,0.0,0.0,0,1,0,0,0,0,0,0,0,0,0.0,,,,,2328.0,
BTN,64,Bhutan,6.74,4.913,19.325,1.962,96.475,4700.0,27.416999999999998,90.435,66.365,0.0,0.0,0.389,0.0,0,,,,,,-0.27699999999999997,0,1,0,0,0,0,1.0,0.0,0.0,0.0,0.0,0,1,0,0,0,0,0,0,0,0,0.0,,,,,36082.0,0.0
BWA,72,Botswana,0.18100000000000002,0.478,0.488,0.048,0.301,56673.0,-22.189,23.814,15.249,1.455,0.0,0.764,0.0,208687,7702.508000000001,348.50699999999995,1223.49,4268.641,1631.317,0.58,1,0,0,0,0,0,1.0,0.0,0.0,0.0,0.0,0,1,0,0,0,0,1,0,0,0,0.0,5.686,5.765,5.857,4.3,80312.0,1.5
CAF,140,Central African Republic,0.19699999999999998,0.257,0.528,0.06,0.033,62300.0,6.574,20.487,10.967,0.0,97.382,1.081,0.0,10802,1148.0510000000002,771.577,781.799,575.543,757.8380000000001,-1.07,1,0,0,0,0,0,0.0,1.0,0.0,0.0,0.0,0,0,1,0,0,0,0,0,0,1,2009.941,5.642,8.772,2.84,2.293,387580.0,0.6
CAN,124,Canada,0.775,0.37,2.695,0.23,9.122,909351.0,61.495,-98.334,16.794,0.0,0.0,1.43,4.4433,5166,27289.26,7291.48,14316.263,22360.119,14002.496000000001,1.757,0,0,0,0,1,0,1.0,0.0,0.0,0.0,0.0,0,1,0,0,0,0,0,0,0,0,0.0,,,,,174110.0,85.33
CCK,166,Cocos (Keeling) Islands,0.015,0.018000000000000002,0.031,0.005,0.0,1.0,-12.122,96.867,,0.0,100.0,0.0,100.0,0,,,,,,,0,0,0,1,0,0,,,,,,0,0,0,0,0,0,0,0,0,0,0.0,,,,,,
CHE,756,Switzerland,4.761,1.45,14.999,1.3880000000000001,66.06,4000.0,46.806000000000004,8.226,39.341,0.0,0.0,0.278,0.0,0,30161.29,9063.698,17224.018,22474.859,16696.838,2.023,0,0,1,0,0,0,0.0,0.0,0.0,1.0,0.0,0,0,0,0,0,0,0,0,0,0,0.0,,,,,600000.0,98.5
CHL,152,Chile,2.481,0.677,7.365,0.731,38.199,74880.0,-37.937,-71.384,22.158,15.489,0.0,0.07400000000000001,68.3825,0,9115.475,3669.742,4273.292,10310.834,5636.808000000001,1.183,0,0,0,0,0,1,0.0,1.0,0.0,0.0,0.0,1,0,0,0,0,0,0,0,0,0,0.0,,,,,553265.0,59.19
CHN,156,China,1.8780000000000001,0.708,5.492999999999999,0.537,28.648000000000003,932748.0,36.564,103.836,22.836,5.77,0.301,0.987,5.76513,4410,3928.315,448.022,871.181,3420.866,1268.328,-0.35700000000000004,0,1,0,0,0,0,0.0,0.0,1.0,0.0,0.0,0,0,0,0,0,0,0,0,0,0,0.0,,,,,80943756.0,0.0
CIV,384,Cote d'Ivoire,0.22399999999999998,0.159,0.594,0.069,0.493,31800.0,7.622999999999999,-5.553999999999999,26.151,0.0,100.0,0.284,16.359,3239,1575.628,1040.878,1800.013,1352.019,1536.27,-0.86,1,0,0,0,0,0,0.0,1.0,0.0,0.0,0.0,0,0,1,0,0,0,0,1,0,0,52645.949,4.186,9.457,3.353,4.794,435857.0,0.0
CMR,120,Cameroon,0.515,0.545,1.374,0.157,4.031000000000001,46540.0,5.697,12.743,27.829,0.0,94.12,0.389,10.9018,0,1882.6870000000001,670.951,1051.615,1082.339,1036.539,-1.287,1,0,0,0,0,0,0.0,1.0,0.0,0.0,0.0,0,0,1,0,0,0,0,0,0,1,66718.812,5.642,8.772,3.003,3.051,1317285.0,0.0
COD,180,Democratic Republic of the Congo,0.44299999999999995,0.531,1.177,0.126,2.763,226705.0,-2.8789999999999996,23.658,16.000999999999998,0.0,94.866,1.016,0.686405,87149,668.663,569.742,760.789,216.95,611.0930000000001,-2.05,1,0,0,0,0,0,0.0,1.0,0.0,0.0,0.0,0,0,0,0,1,0,0,0,0,1,767000.0,5.712000000000001,7.643,3.748,2.687,3593277.0,0.46
COG,178,Congo,0.152,0.41100000000000003,0.406,0.049,0.243,34150.0,-0.831,15.245999999999999,4.063,0.0,100.0,0.457,4.83001,0,957.403,1198.2069999999999,2191.133,2005.219,1914.5729999999999,-1.413,1,0,0,0,0,0,0.0,1.0,0.0,0.0,0.0,0,0,1,0,0,0,0,0,0,1,94662.92199999999,5.527,7.9239999999999995,3.697,3.227,238219.0,0.0
COK,184,Cook Islands,0.96,0.594,2.641,0.3,14.999,24.0,-19.213,-158.97799999999998,25.0,0.0,100.0,0.0,100.0,0,,,,,,0.86,0,0,0,1,0,0,1.0,0.0,0.0,0.0,0.0,0,0,0,0,0,0,0,0,0,0,0.0,,,,,,
COL,170,Colombia,0.885,0.89,2.376,0.27699999999999997,14.366,110950.0,3.838,-72.866,30.444000000000003,0.0,89.76299999999999,0.379,16.7275,0,6243.656,2152.841,3622.2259999999997,5095.795999999999,3661.9190000000003,-0.767,0,0,0,0,0,1,0.0,1.0,0.0,0.0,0.0,1,0,0,0,0,0,0,0,0,0,0.0,,,,,902880.0,45.6
COM,174,Comoros,3.3280000000000003,2.1719999999999997,9.049,1.063,64.479,186.1,-11.888,43.67100000000001,56.043,0.0,100.0,0.003,100.0,0,1770.2179999999998,560.305,804.062,580.913,730.933,-1.28,1,0,0,0,0,0,0.0,1.0,0.0,0.0,0.0,0,0,1,0,0,0,0,0,1,0,0.0,10.131,1.754,4.846,2.61,0.0,0.0
CPV,132,Cape Verde,2.367,1.399,6.502000000000001,0.759,40.048,403.0,15.942,-23.980999999999998,11.663,0.0,0.0,0.004,100.0,0,4859.108,449.648,524.742,1776.535,809.993,0.71,1,0,0,0,0,0,0.0,1.0,0.0,0.0,0.0,0,0,0,1,0,0,0,1,0,0,0.0,3.647,11.6,3.4819999999999998,6.465,0.0,41.4
CRI,188,Costa Rica,2.112,1.044,5.707999999999999,0.623,36.61,5106.0,9.969,-84.199,52.082,0.0,94.01700000000001,0.031,100.0,0,8621.291,1963.132,4396.0070000000005,6173.734,3955.164,0.637,0,0,0,0,1,0,0.0,1.0,0.0,0.0,0.0,1,0,0,0,0,0,0,0,0,0,0.0,,,,,74647.0,60.39
CUB,192,Cuba,0.528,0.293,1.4480000000000002,0.153,6.129,10982.0,21.625999999999998,-79.018,45.946999999999996,0.0,100.0,0.02,100.0,0,,2046.226,2404.2870000000003,2415.604,2334.104,-0.877,0,0,0,0,1,0,0.0,0.0,1.0,0.0,0.0,1,0,0,0,0,0,0,0,0,0,0.0,,,,,95479.0,63.0
CXR,162,Christmas Island,1.321,1.422,3.477,0.40299999999999997,14.025,13.5,-10.488,105.64299999999999,,0.0,100.0,0.0,100.0,0,,,,,,,0,1,0,0,0,0,,,,,,0,0,0,0,0,0,0,0,0,0,0.0,,,,,,
CYM,136,Cayman Islands,0.096,0.085,0.237,0.027999999999999997,0.0,26.0,19.414,-80.926,100.0,0.0,100.0,0.001,100.0,0,,,,,,1.515,0,0,0,0,1,0,1.0,0.0,0.0,0.0,0.0,0,0,0,0,0,0,0,0,0,0,0.0,,,,,,
CYP,196,Cyprus,2.718,0.909,7.867000000000001,0.706,44.071999999999996,924.0,35.049,33.235,26.866,0.0,0.0,0.012,100.0,0,20318.0,,,,,0.8170000000000001,0,1,0,0,0,0,1.0,0.0,0.0,0.0,0.0,0,1,0,0,0,0,0,0,0,0,0.0,,,,,150000.0,1.0
CZE,203,Czech Republic,0.884,0.578,2.845,0.252,4.154,7727.0,49.739,15.334000000000001,88.65299999999999,0.0,0.0,0.426,0.0,0,15373.23,,,9155.582,,0.7929999999999999,0,0,1,0,0,0,0.0,0.0,1.0,0.0,0.0,0,0,0,0,0,0,0,0,0,0,0.0,,,,,1801067.0,100.0
DEU,276,Germany,0.597,0.405,1.906,0.168,3.0010000000000003,34877.0,51.11,10.392000000000001,61.338,0.0,0.0,0.24600000000000002,19.7358,0,25481.43,3880.887,12040.607,18943.516,11932.706,1.71,0,0,1,0,0,0,0.0,0.0,0.0,1.0,0.0,0,0,0,0,0,0,0,0,0,0,0.0,,,,,6500000.0,97.6
DJI,262,Djibouti,2.432,0.804,6.416,0.627,39.024,2318.0,11.735,42.58,0.0,0.0,0.0,0.038,100.0,0,1881.967,1499.582,2065.445,1102.5430000000001,1647.355,-0.5770000000000001,1,0,0,0,0,0,0.0,1.0,0.0,0.0,0.0,0,0,1,0,0,0,0,0,1,0,4.176,14.408,2.682,2.351,0.064,34822.0,
DMA,212,Dominica,0.003,0.008,0.005,0.001,0.0,75.0,15.427,-61.356,36.405,0.0,100.0,0.003,100.0,0,5931.715,,,,,0.495,0,0,0,0,1,0,1.0,0.0,0.0,0.0,0.0,0,1,0,0,0,0,0,0,0,0,0.0,,,,,824.0,
DNK,208,Denmark,0.18899999999999997,0.191,0.611,0.054000000000000006,0.0,4243.0,55.986999999999995,10.027000000000001,56.165,0.0,0.0,0.019,100.0,0,28750.61,6943.104,13621.125,22975.162,13991.603000000001,1.837,0,0,1,0,0,0,0.0,0.0,0.0,0.0,1.0,0,0,0,0,0,0,0,0,0,0,0.0,,,,,600000.0,99.2
DOM,214,Dominican Republic,1.641,0.519,4.495,0.484,26.179000000000002,4838.0,18.895,-70.493,39.479,0.0,87.81700000000001,0.028999999999999998,100.0,0,6410.803000000001,1026.788,2111.321,3649.014,1989.486,-0.52,0,0,0,0,1,0,0.0,1.0,0.0,0.0,0.0,1,0,0,0,0,0,0,0,0,0,0.0,,,,,39145.0,52.0
DZA,12,Algeria,0.51,1.368,1.445,0.14,4.885,238174.0,28.168000000000003,2.647,9.59,23.276999999999997,0.0,0.752,4.17952,0,5417.91,1364.74,2521.953,2864.551,2389.185,-1.153,1,0,0,0,0,0,0.0,1.0,0.0,0.0,0.0,0,0,1,0,0,1,0,0,0,0,61834.148,6.559,14.912,0.985,3.654,1588836.0,0.0
ECU,218,Ecuador,1.278,0.7659999999999999,3.446,0.405,20.09,27684.0,-1.4340000000000002,-78.77,44.308,0.0,73.165,0.157,37.3544,0,3373.415,1862.933,3459.407,3203.386,3209.836,-0.5870000000000001,0,0,0,0,0,1,0.0,1.0,0.0,0.0,0.0,1,0,0,0,0,0,0,0,0,0,0.0,,,,,553265.0,31.976
EGY,818,Egypt,0.723,0.27399999999999997,2.001,0.18600000000000003,5.763999999999999,99545.0,26.561999999999998,29.781999999999996,0.006999999999999999,16.498,0.0,0.325,22.7899,0,3598.329,909.903,1420.783,2936.6740000000004,1711.68,-0.03,1,0,0,0,0,0,0.0,1.0,0.0,0.0,0.0,0,1,0,0,0,1,0,0,0,0,1491.701,16.393,4.667,0.43,1.113,4182558.0,0.0
ERI,232,Eritrea,2.481,1.911,6.662999999999999,0.6579999999999999,37.141,10100.0,15.365,38.848,20.146,1.764,0.0,0.10400000000000001,56.1576,0,911.8839999999999,,,,,-0.307,1,0,0,0,0,0,0.0,1.0,0.0,0.0,0.0,0,1,0,0,0,0,0,0,1,0,133000.0,12.967,3.1460000000000004,1.814,0.07,101512.0,1.9
ESH,732,Western Sahara,0.203,0.301,0.565,0.057,0.20199999999999999,26600.0,24.674,-13.138,0.0,9.019,0.0,0.14800000000000002,33.6288,0,,,,,,,1,0,0,0,0,0,,,,,,0,0,0,0,0,1,0,0,0,0,0.0,4.9319999999999995,12.435,2.049,5.215,2439.0,
ESP,724,Spain,1.689,0.81,5.062,0.47200000000000003,23.372,49900.0,40.231,-3.6439999999999997,64.134,0.0,0.0,0.131,42.9055,0,21764.83,2188.97,8346.302,15621.72,7811.794,1.3330000000000002,0,0,1,0,0,0,0.0,1.0,0.0,0.0,0.0,0,0,0,0,0,0,0,0,0,0,0.0,,,,,5500000.0,99.24
EST,233,Estonia,0.12300000000000001,0.188,0.414,0.035,0.0,4239.0,58.673,25.549,62.516999999999996,0.0,0.0,0.135,37.0373,0,9762.76,,,11710.01,,0.527,0,0,1,0,0,0,0.0,0.0,1.0,0.0,0.0,0,0,0,0,0,0,0,0,0,0,0.0,,,,,69282.0,100.0
ETH,231,Ethiopia,1.57,1.725,4.1930000000000005,0.44299999999999995,20.128,100000.0,8.622,39.635999999999996,46.128,1.008,29.455,0.466,2.2633099999999997,0,635.794,,,,,-0.823,1,0,0,0,0,0,0.0,1.0,0.0,0.0,0.0,0,0,0,0,0,0,0,0,1,0,1310000.0,12.589,2.7060000000000004,2.543,0.51,1639589.0,0.0
FIN,246,Finland,0.32799999999999996,0.268,1.202,0.092,0.13699999999999998,30459.0,64.48100000000001,26.24,2.097,0.0,0.0,0.324,8.79128,0,25553.88,4253.287,11441.303,19770.363,11059.542,1.8969999999999998,0,0,1,0,0,0,0.0,0.0,0.0,0.0,1.0,0,0,0,0,0,0,0,0,0,0,0.0,,,,,100000.0,100.0
FJI,242,Fiji,1.396,0.5820000000000001,3.7230000000000003,0.42100000000000004,14.011,1827.0,-17.447,161.988,98.29299999999999,0.0,100.0,0.009000000000000001,100.0,0,4949.898,,,,,-0.09300000000000001,0,0,0,1,0,0,1.0,0.0,0.0,0.0,0.0,0,1,0,0,0,0,0,0,0,0,0.0,,,,,139322.0,2.2
FLK,238,Falkland Islands (Malvinas),0.264,0.214,0.8590000000000001,0.083,0.7859999999999999,1217.0,-51.745,-59.382,0.0,0.0,0.0,0.005,100.0,0,,,,,,,0,0,0,0,0,1,,,,,,0,0,0,0,0,0,0,0,0,0,0.0,,,,,,
FRA,250,France,1.0979999999999999,0.496,3.406,0.313,12.07,55010.0,46.56,2.551,59.93899999999999,0.0,0.0,0.172,34.6184,0,25698.01,5271.312,13251.077,21025.375,12907.095,1.3969999999999998,0,0,1,0,0,0,0.0,1.0,0.0,0.0,0.0,0,0,0,0,0,0,0,0,0,0,0.0,,,,,11000000.0,93.4
FRO,234,Faeroe Islands,2.253,1.3090000000000002,8.215,0.665,39.927,140.0,62.073,-6.885,0.0,0.0,0.0,0.001,100.0,0,,,,,,,0,0,1,0,0,0,0.0,1.0,0.0,0.0,0.0,0,0,0,0,0,0,0,0,0,0,0.0,,,,,10000.0,
FSM,583,Micronesia; Federated States of,1.3530000000000002,0.919,3.61,0.423,17.095,70.0,6.6739999999999995,157.754,32.857,0.0,100.0,0.0,100.0,0,,,,,,-0.365,0,0,0,1,0,0,1.0,0.0,0.0,0.0,0.0,0,0,0,0,0,0,0,0,0,0,0.0,,,,,15427.0,
GAB,266,Gabon,0.218,0.5820000000000001,0.583,0.07,0.434,25767.0,-0.623,11.784,11.978,0.0,100.0,0.195,28.1246,5200,6118.661999999999,3108.377,9405.868,3847.075,5359.929,-0.5529999999999999,1,0,0,0,0,0,0.0,1.0,0.0,0.0,0.0,0,0,1,0,0,0,0,0,0,1,27402.172000000002,5.531000000000001,8.367,3.7030000000000003,3.529,138320.0,1.0
GBR,826,United Kingdom of Great Britain and Northern Ireland,0.568,0.21,1.8780000000000001,0.175,3.6430000000000002,24269.0,54.15,-2.9010000000000002,48.239,0.0,0.0,0.034,96.3607,0,26332.05,6939.374,11847.087,20352.869,12332.872,1.7830000000000001,0,0,1,0,0,0,1.0,0.0,0.0,0.0,0.0,0,0,0,0,0,0,0,0,0,0,0.0,,,,,3306643.0,94.6
GEO,268,Georgia,3.659,0.8590000000000001,11.258,1.067,59.17,6949.0,42.178999999999995,43.513000000000005,34.021,0.0,0.0,0.18100000000000002,33.1835,0,1880.45,,,3243.627,,-1.033,0,1,0,0,0,0,0.0,0.0,1.0,0.0,0.0,0,0,0,0,0,0,0,0,0,0,0.0,,,,,275547.0,3.0
GHA,288,Ghana,0.228,0.25,0.601,0.071,0.371,22754.0,7.962999999999999,-1.208,65.738,0.0,100.0,0.28300000000000003,19.3048,13275,1892.808,1121.7939999999999,1246.881,1269.883,1217.556,-0.297,1,0,0,0,0,0,1.0,0.0,0.0,0.0,0.0,0,1,0,0,0,0,0,1,0,0,1610000.0,4.773,9.3,3.174,4.332,912300.0,0.0
GIB,292,Gibraltar,7.811,5.542000000000001,21.453000000000003,1.7280000000000002,100.0,1.0,36.139,-5.348,0.0,0.0,0.0,0.0,100.0,0,,,,,,,0,0,1,0,0,0,,,,,,0,0,0,0,0,0,0,0,0,0,0.0,,,,,,
GIN,324,Guinea,0.74,1.03,1.969,0.213,3.952,24572.0,10.435,-10.939,17.761,0.0,100.0,0.263,14.9423,4864,1975.7939999999999,303.32099999999997,512.136,571.719,469.724,-1.32,1,0,0,0,0,0,0.0,1.0,0.0,0.0,0.0,0,0,1,0,0,0,0,1,0,0,350000.0,3.72,10.269,3.245,5.2589999999999995,455699.0,0.0
GLP,312,Guadeloupe,1.188,0.5329999999999999,3.23,0.359,21.296,169.0,16.28,-61.601000000000006,76.5,0.0,100.0,0.003,100.0,0,,,,,,,0,0,0,0,1,0,0.0,1.0,0.0,0.0,0.0,0,0,0,0,0,0,0,0,0,0,0.0,,,,,3387.0,
GMB,270,Gambia,0.353,0.384,0.915,0.091,0.0,1000.0,13.447000000000001,-15.388,81.699,0.0,89.355,0.053,77.3706,0,1728.1979999999999,607.365,1049.606,894.813,866.362,0.1,1,0,0,0,0,0,1.0,0.0,0.0,0.0,0.0,0,1,0,0,0,0,0,1,0,0,21730.895,3.889,10.793,3.1719999999999997,5.638,51104.0,0.5
GNB,624,Guinea-Bissau,0.491,0.534,1.3019999999999998,0.12300000000000001,0.098,2812.0,12.013,-14.987,43.253,0.0,100.0,0.045,87.3195,0,782.477,289.153,925.067,680.6060000000001,707.1460000000001,-1.65,1,0,0,0,0,0,0.0,1.0,0.0,0.0,0.0,0,0,0,1,0,0,0,1,0,0,181000.0,3.7960000000000003,10.630999999999998,3.285,5.632999999999999,87833.0,3.0
GNQ,226,Equatorial Guinea,0.5589999999999999,1.405,1.449,0.177,5.54,2805.0,1.703,10.335,6.829,0.0,100.0,0.069,69.3531,0,15189.54,539.763,1294.001,7973.103,1623.25,-1.263,1,0,0,0,0,0,0.0,1.0,0.0,0.0,0.0,1,0,0,0,0,0,0,0,0,1,10.5,5.577000000000001,8.556000000000001,3.4619999999999997,3.515,66516.0,5.75
GRC,300,Greece,3.103,1.295,9.166,0.867,52.841,12890.0,39.043,22.989,48.588,0.0,0.0,0.028999999999999998,96.2131,0,17391.74,1915.007,7721.514,12110.868999999999,6959.675,0.81,0,0,1,0,0,0,0.0,1.0,0.0,0.0,0.0,0,0,0,0,0,0,0,0,0,0,0.0,,,,,1118034.0,100.0
GRD,308,Grenada,2.088,1.538,5.655,0.606,39.913000000000004,34.0,12.157,-61.653999999999996,67.646,0.0,100.0,0.001,100.0,0,7536.395,,,,,0.27,0,0,0,0,1,0,1.0,0.0,0.0,0.0,0.0,0,1,0,0,0,0,0,0,0,0,0.0,,,,,1237.0,
GRL,304,Greenland,0.41,0.914,1.548,0.131,4.252,217500.0,74.72800000000001,-41.345,0.0,0.0,0.0,0.867,3.50187,0,,,,,,,0,0,0,0,1,0,0.0,1.0,0.0,0.0,0.0,0,0,0,0,0,0,0,0,0,0,0.0,,,,,10000.0,
GTM,320,Guatemala,1.807,1.369,4.893,0.5379999999999999,30.85,10843.0,15.697000000000001,-90.35600000000001,58.058,0.0,78.376,0.099,48.2159,0,3974.407,2084.894,3683.875,4096.941,3228.048,-0.897,0,0,0,0,1,0,0.0,1.0,0.0,0.0,0.0,1,0,0,0,0,0,0,0,0,0,0.0,,,,,243109.0,21.965
GUF,254,French Guiana,0.205,0.254,0.546,0.065,0.109,8815.0,3.93,-53.233000000000004,18.394000000000002,0.0,100.0,0.125,43.0358,0,,,,,,0.99,0,0,0,0,0,1,,,,,,0,0,0,0,0,0,0,0,0,0,0.0,,,,,,
GUM,316,Guam,0.6659999999999999,0.293,1.825,0.215,1.4980000000000002,54.0,13.44,144.776,22.221999999999998,0.0,100.0,0.0,100.0,0,,,,,,,0,0,0,1,0,0,1.0,0.0,0.0,0.0,0.0,0,0,0,0,0,0,0,0,0,0,0.0,,,,,,
GUY,328,Guyana,0.273,0.052000000000000005,0.7440000000000001,0.08900000000000001,0.36,19685.0,4.794,-58.976000000000006,19.594,0.0,100.0,0.215,28.642,1023,4072.1659999999997,,,,,-0.23,0,0,0,0,0,1,1.0,0.0,0.0,0.0,0.0,0,1,0,0,0,0,0,0,0,0,0.0,,,,,,1.3
HKG,344,Hong Kong Special Administrative Region of China,2.501,1.558,6.692,0.698,51.196999999999996,110.0,22.381,114.134,96.07600000000001,0.0,0.0,0.002,100.0,0,25795.83,2218.149,6990.536999999999,23328.385,9882.841,1.037,0,1,0,0,0,0,1.0,0.0,0.0,0.0,0.0,0,1,0,0,0,0,0,0,0,0,0.0,,,,,42611.0,0.0
HND,340,Honduras,2.15,1.207,5.824,0.631,39.971,11189.0,14.822000000000001,-86.6,55.945,0.0,94.63600000000001,0.077,66.5159,0,2506.231,1313.356,1731.9089999999999,1911.5710000000001,1690.379,-0.8370000000000001,0,0,0,0,1,0,0.0,1.0,0.0,0.0,0.0,1,0,0,0,0,0,0,0,0,0,0.0,,,,,114924.0,46.0
HRV,191,Croatia,1.2670000000000001,0.6779999999999999,3.842,0.366,17.588,5592.0,45.026,16.419,48.395,0.0,0.0,0.113,51.0571,0,9545.475,,,6438.607,,-0.203,0,0,1,0,0,0,0.0,0.0,1.0,0.0,0.0,0,0,0,0,0,0,0,0,0,0,0.0,,,,,530014.0,99.55
HTI,332,Haiti,2.362,1.318,6.4479999999999995,0.6970000000000001,42.461999999999996,2756.0,18.936,-72.686,42.05,0.0,100.0,0.019,100.0,0,1798.406,1050.62,1034.517,796.1619999999999,1007.3989999999999,-1.463,0,0,0,0,1,0,0.0,1.0,0.0,0.0,0.0,0,0,1,0,0,0,0,0,0,0,0.0,,,,,51954.0,2.5
HUN,348,Hungary,0.34600000000000003,0.289,1.09,0.098,0.9209999999999999,8962.0,47.166000000000004,19.418,65.095,0.0,0.0,0.467,0.0,0,13223.63,2479.958,5804.766,7132.268,5178.71,0.8,0,0,1,0,0,0,0.0,0.0,1.0,0.0,0.0,0,0,0,0,0,0,0,0,0,0,0.0,,,,,1000000.0,99.3
IDN,360,Indonesia,0.9670000000000001,0.435,2.5869999999999997,0.304,13.405,181157.0,-2.226,117.277,43.306000000000004,0.0,99.835,0.062,77.0687,287,3028.2740000000003,839.518,1507.126,3258.498,1752.64,-0.653,0,1,0,0,0,0,0.0,1.0,0.0,0.0,0.0,0,0,0,0,1,0,0,0,0,0,0.0,,,,,6987225.0,0.0
IND,356,India,1.013,0.237,2.842,0.295,12.824000000000002,297319.0,22.875999999999998,79.627,51.042,4.495,39.446999999999996,0.40700000000000003,18.0434,489,2415.093,619.003,897.336,1885.0079999999998,1006.1519999999999,0.213,0,1,0,0,0,0,1.0,0.0,0.0,0.0,0.0,0,1,0,0,0,0,0,0,0,0,0.0,,,,,77226807.0,0.0
IOT,86,British Indian Ocean Territory,0.018000000000000002,0.016,0.037000000000000005,0.006,0.0,8.0,-6.845,72.187,,0.0,100.0,0.0,100.0,0,,,,,,,0,1,0,0,0,0,,,,,,0,0,0,0,0,0,0,0,0,0,0.0,,,,,,
IRL,372,Ireland,0.513,0.28,1.676,0.158,2.864,6889.0,53.181000000000004,-8.152999999999999,59.095,0.0,0.0,0.035,95.8615,0,30532.31,3452.8979999999997,7316.275,21551.34,8281.263,1.643,0,0,1,0,0,0,1.0,0.0,0.0,0.0,0.0,0,0,0,0,0,0,0,0,0,0,0.0,,,,,193357.0,99.885
IRN,364,Iran; Islamic Republic of,2.445,0.929,6.962000000000001,0.6509999999999999,33.616,162855.0,32.56,54.305,21.824,0.5429999999999999,0.0,0.461,11.4317,0,5826.672,1719.611,5862.488,4662.057,3593.365,-0.6,0,1,0,0,0,0,0.0,1.0,0.0,0.0,0.0,0,0,0,0,0,0,0,0,0,0,0.0,,,,,3741657.0,0.0
IRQ,368,Iraq,0.67,0.36,1.919,0.175,5.572,43737.0,33.051,43.765,7.912000000000001,0.01,0.0,0.456,2.58288,0,,1363.606,4315.305,1221.224,2984.5370000000003,-1.507,0,1,0,0,0,0,0.0,1.0,0.0,0.0,0.0,0,1,0,0,0,0,0,0,0,0,0.0,,,,,1000000.0,0.0
ISL,352,Iceland,1.472,0.557,5.318,0.435,20.729,10025.0,64.99,-18.594,3.403,9.086,0.0,0.04,93.2095,0,28929.43,,,,,1.7530000000000001,0,0,1,0,0,0,0.0,0.0,0.0,0.0,1.0,0,0,0,0,0,0,0,0,0,0,0.0,,,,,60000.0,
ISR,376,Israel,1.705,1.002,4.808,0.439,23.276999999999997,2164.0,31.353,34.967,27.476999999999997,0.7090000000000001,0.0,0.052000000000000005,90.3822,0,23857.94,2817.303,10147.871,16925.593999999997,9250.91,1.07,0,1,0,0,0,0,1.0,0.0,0.0,0.0,0.0,0,1,0,0,0,0,0,0,0,0,0.0,,,,,229955.0,30.698
ITA,380,Italy,2.458,0.755,7.506,0.711,38.884,29411.0,42.788999999999994,12.075,51.78,0.0,0.0,0.057999999999999996,80.9226,0,24994.66,3501.9,10741.868999999999,18773.57,11048.927,0.893,0,0,1,0,0,0,0.0,1.0,0.0,0.0,0.0,0,0,0,0,0,0,0,0,0,0,0.0,,,,,7000000.0,99.8
JAM,388,Jamaica,1.788,0.934,4.837,0.528,24.278000000000002,1083.0,18.156,-77.311,66.97,0.0,100.0,0.012,100.0,0,3650.39,1326.785,3844.877,3598.21,3139.55,-0.377,0,0,0,0,1,0,1.0,0.0,0.0,0.0,0.0,0,1,0,0,0,0,0,0,0,0,0.0,,,,,22626.0,8.0
JOR,400,Jordan,1.097,1.6480000000000001,3.115,0.282,12.165,8824.0,31.25,36.788000000000004,15.479000000000001,15.332,0.0,0.18899999999999997,16.2407,0,3846.6940000000004,1663.149,2582.962,4088.574,3248.945,0.39,0,1,0,0,0,0,0.0,1.0,0.0,0.0,0.0,0,1,0,0,0,0,0,0,0,0,0.0,,,,,86370.0,1.0
JPN,392,Japan,2.1319999999999997,0.46299999999999997,6.275,0.604,37.173,36450.0,37.54,137.963,42.879,0.0,0.006,0.032,97.7372,0,26219.79,1920.721,11343.781,20742.387,11248.286,1.4769999999999999,0,1,0,0,0,0,0.0,0.0,0.0,1.0,0.0,0,0,0,0,0,0,0,0,0,0,0.0,,,,,12500000.0,0.0
KAZ,398,Kazakhstan,0.37200000000000005,0.281,1.172,0.10800000000000001,2.9130000000000003,269970.0,48.18,67.313,9.877,9.747,0.0,2.206,0.0,0,4594.435,,,5648.025,,-0.877,0,1,0,0,0,0,0.0,0.0,1.0,0.0,0.0,0,0,0,0,0,0,0,0,0,0,0.0,,,,,1253389.0,41.9
KEN,404,Kenya,0.669,0.5589999999999999,1.781,0.195,5.4270000000000005,56914.0,0.534,37.861,33.657,11.629000000000001,51.028,0.409,9.387889999999999,0,1018.7310000000001,650.601,941.8480000000001,1030.687,912.7589999999999,-1.05,1,0,0,0,0,0,1.0,0.0,0.0,0.0,0.0,0,1,0,0,0,0,0,0,1,0,86447.906,11.083,2.705,3.359,1.361,1322790.0,0.0
KGZ,417,Kyrgyzstan,4.287,0.948,13.105,1.246,69.767,19180.0,41.464,74.556,12.534,0.0,0.0,1.9180000000000001,0.0,0,1560.0,,,2167.491,,-0.74,0,1,0,0,0,0,0.0,0.0,1.0,0.0,0.0,0,0,0,0,0,0,0,0,0,0,0.0,,,,,325361.0,15.0
KHM,116,Cambodia,0.54,0.146,1.421,0.154,6.093999999999999,17652.0,12.707,104.921,22.213,0.0,100.0,0.17,25.378,0,1859.0629999999999,481.977,579.707,1141.0,766.5830000000001,-1.013,0,1,0,0,0,0,0.0,0.0,1.0,0.0,0.0,0,0,1,0,0,0,0,0,0,0,0.0,,,,,1383162.0,0.0
KIR,296,Kiribati,0.01,0.015,0.021,0.003,0.0,81.0,0.6990000000000001,-46.958,45.678999999999995,0.0,100.0,0.0,100.0,0,,,,,,-0.145,0,0,0,1,0,0,1.0,0.0,0.0,0.0,0.0,0,1,0,0,0,0,0,0,0,0,0.0,,,,,10513.0,
KNA,659,Saint Kitts and Nevis,0.006,0.01,0.012,0.003,0.0,26.0,17.274,-62.70399999999999,100.0,0.0,100.0,0.001,100.0,0,11224.7,,,,,0.06,0,0,0,0,1,0,1.0,0.0,0.0,0.0,0.0,0,1,0,0,0,0,0,0,0,0,0.0,,,,,743.0,
KOR,410,Republic of Korea,1.96,0.747,5.807,0.546,33.976,9873.0,36.356,127.806,43.556000000000004,0.0,0.0,0.042,95.0484,0,16172.41,853.89,3161.702,14219.083,4725.635,0.7170000000000001,0,1,0,0,0,0,0.0,0.0,0.0,1.0,0.0,0,0,0,0,0,0,0,0,0,0,0.0,,,,,2308243.0,0.0
KWT,414,Kuwait,0.245,0.271,0.691,0.063,0.0,1782.0,29.354,47.613,0.0,0.0,0.0,0.04,98.6018,0,15958.92,28878.139,18161.664,10082.733,19359.766,0.77,0,1,0,0,0,0,0.0,1.0,0.0,0.0,0.0,0,1,0,0,0,0,0,0,0,0,0.0,,,,,42006.0,0.0
LAO,418,Lao People's Democratic Republic,2.553,1.218,6.976,0.723,49.806999999999995,23080.0,18.495,103.774,12.068,0.0,54.794,0.267,6.8206,0,1569.901,612.943,783.584,1203.223,826.834,-1.15,0,1,0,0,0,0,0.0,0.0,1.0,0.0,0.0,0,0,1,0,0,0,0,0,0,0,0.0,,,,,348220.0,0.0
LBN,422,Lebanon,4.197,2.17,12.042,1.103,71.642,1023.0,33.922,35.897,72.415,0.0,0.0,0.027000000000000003,100.0,0,4216.305,2428.74,3461.337,3405.22,2881.809,-0.177,0,1,0,0,0,0,0.0,1.0,0.0,0.0,0.0,0,0,1,0,0,0,0,0,0,0,0.0,,,,,313584.0,0.5
LBR,430,Liberia,0.263,0.259,0.695,0.083,0.45899999999999996,9632.0,6.4479999999999995,-9.307,15.82,0.0,100.0,0.096,54.5897,9901,,1054.759,1247.827,990.059,1195.255,-2.113,1,0,0,0,0,0,1.0,0.0,0.0,0.0,0.0,0,0,0,0,0,0,0,1,0,0,6789.634,3.7760000000000002,9.777000000000001,3.595,5.227,143361.0,0.0
LBY,434,Libyan Arab Jamahiriya,0.40299999999999997,0.337,1.124,0.105,1.535,175954.0,27.041,18.029,2.7560000000000002,48.242,0.0,0.501,9.92269,0,,857.168,5515.241999999999,2312.993,3978.577,-1.01,1,0,0,0,0,0,0.0,1.0,0.0,0.0,0.0,0,0,0,0,1,1,0,0,0,0,8847.93,8.422,16.775,0.61,2.151,500000.0,0.0
LCA,662,Saint Lucia,2.147,1.351,5.841,0.59,35.476,61.0,13.894,-60.965,32.527,0.0,100.0,0.002,100.0,0,5620.647,,,,,0.06,0,0,0,0,1,0,1.0,0.0,0.0,0.0,0.0,0,1,0,0,0,0,0,0,0,0,0.0,,,,,1335.0,
LIE,438,Liechtenstein,5.327999999999999,2.927,17.18,1.554,76.37899999999999,16.0,47.145,9.554,0.0,0.0,0.0,0.305,0.0,0,,,,,,1.515,0,0,1,0,0,0,0.0,0.0,0.0,1.0,0.0,0,0,0,0,0,0,0,0,0,0,0.0,,,,,,
LKA,144,Sri Lanka,0.65,0.446,1.712,0.19699999999999998,7.7860000000000005,6463.0,7.63,80.70100000000001,51.595,0.0,100.0,0.035,100.0,0,3625.534,1252.871,1540.745,3633.9840000000004,1891.942,-0.067,0,1,0,0,0,0,1.0,0.0,0.0,0.0,0.0,0,1,0,0,0,0,0,0,0,0,0.0,,,,,956352.0,0.0
LSO,426,Lesotho,6.202000000000001,4.165,17.595,1.5590000000000002,90.249,3035.0,-29.58,28.254,54.695,0.0,0.0,0.24600000000000002,0.0,308,2122.544,355.366,714.936,1490.346,824.398,-0.083,1,0,0,0,0,0,1.0,0.0,0.0,0.0,0.0,0,1,0,0,0,0,1,0,0,0,0.0,7.202000000000001,3.035,6.6370000000000005,4.846,26096.0,0.0
LTU,440,Lithuania,0.175,0.22899999999999998,0.578,0.049,0.0,6268.0,55.336000000000006,23.905,62.06399999999999,0.0,0.0,0.256,13.8029,0,8767.231,,,6346.335999999999,,0.33,0,0,1,0,0,0,0.0,0.0,1.0,0.0,0.0,0,0,0,0,0,0,0,0,0,0,0.0,,,,,161557.0,100.0
LUX,442,Luxembourg,0.8809999999999999,0.581,2.844,0.242,1.6540000000000001,259.0,49.778,6.095,25.662,0.0,0.0,0.259,0.0,0,57792.09,,,,,1.767,0,0,1,0,0,0,0.0,1.0,0.0,0.0,0.0,0,0,0,0,0,0,0,0,0,0,0.0,,,,,26534.0,99.2
LVA,428,Latvia,0.154,0.136,0.522,0.044000000000000004,0.0,6205.0,56.854,24.930999999999997,77.568,0.0,0.0,0.265,15.7566,0,7903.728,,,7693.585,,0.177,0,0,1,0,0,0,0.0,0.0,1.0,0.0,0.0,0,0,0,0,0,0,0,0,0,0,0.0,,,,,122643.0,100.0
MAC,446,Macao Special Administrative Region of China,0.732,0.527,1.921,0.185,4.168,3.0,22.169,113.555,0.0,0.0,0.0,0.0,100.0,0,18581.94,,,,,0.195,0,1,0,0,0,0,0.0,1.0,0.0,0.0,0.0,0,0,0,1,0,0,0,0,0,0,0.0,,,,,13636.0,
MAR,504,Morocco,2.4130000000000003,1.291,6.853,0.629,36.083,44630.0,31.881999999999998,-6.3020000000000005,43.968,0.614,0.0,0.16399999999999998,35.4198,0,3513.8340000000003,1455.361,1830.967,2657.562,1952.039,0.133,1,0,0,0,0,0,0.0,1.0,0.0,0.0,0.0,0,0,1,0,0,1,0,0,0,0,0.0,5.794,13.675999999999998,1.023,4.571000000000001,1586397.0,8.0
MCO,492,Monaco,6.612,6.042999999999999,20.834,2.106,100.0,,43.753,7.422000000000001,0.0,0.0,0.0,0.0,100.0,0,,,,,,,0,0,1,0,0,0,0.0,1.0,0.0,0.0,0.0,0,0,0,0,0,0,0,0,0,0,0.0,,,,,,
MDA,498,Republic of Moldova,0.799,0.573,2.5269999999999997,0.222,0.40299999999999997,3288.0,47.205,28.468000000000004,62.015,0.0,0.0,0.19699999999999998,11.0077,0,1331.461,,,2127.236,,-0.317,0,0,1,0,0,0,0.0,0.0,1.0,0.0,0.0,0,0,0,0,0,0,0,0,0,0,0.0,,,,,147311.0,99.1
MDG,450,Madagascar,1.169,0.738,3.185,0.32799999999999996,12.672,58154.0,-19.379,46.7,50.803999999999995,0.0,65.22399999999999,0.087,61.0618,0,825.2439999999999,951.01,1126.29,705.8989999999999,966.595,-0.653,1,0,0,0,0,0,0.0,1.0,0.0,0.0,0.0,0,0,1,0,0,0,0,0,1,0,125000.0,9.686,0.904,5.732,3.4539999999999997,544859.0,0.6
MDV,462,Maldives,0.012,0.012,0.024,0.004,0.0,30.0,3.5660000000000003,73.215,30.0,0.0,100.0,0.0,100.0,0,,,,,,0.35,0,1,0,0,0,0,1.0,0.0,0.0,0.0,0.0,0,1,0,0,0,0,0,0,0,0,0.0,,,,,,
MEX,484,Mexico,1.732,0.825,4.795,0.491,27.340999999999998,194395.0,23.941,-102.536,31.934,1.704,27.928,0.183,38.4165,0,9046.27,2365.019,5158.34,7274.678000000001,4824.431,-0.473,0,0,0,0,1,0,0.0,1.0,0.0,0.0,0.0,1,0,0,0,0,0,0,0,0,0,0.0,,,,,4514402.0,30.0
MHL,584,Marshall Islands,0.013999999999999999,0.016,0.033,0.004,0.0,18.0,8.027000000000001,169.168,50.0,0.0,100.0,0.0,100.0,0,,,,,,-0.405,0,0,0,1,0,0,1.0,0.0,0.0,0.0,0.0,0,0,0,0,0,0,0,0,0,0,0.0,,,,,6267.0,
MKD,807,The former Yugoslav Republic of Macedonia,2.665,0.885,8.19,0.7829999999999999,49.405,2543.0,41.6,21.701,52.895,0.0,0.0,0.135,14.0538,0,6059.698,,,3340.784,,-0.433,0,0,1,0,0,0,0.0,0.0,1.0,0.0,0.0,0,0,0,0,0,0,0,0,0,0,0.0,,,,,169275.0,96.31
MLI,466,Mali,0.147,0.305,0.39299999999999996,0.042,0.228,122019.0,17.355,-3.5239999999999996,18.562,26.131999999999998,11.687999999999999,1.014,0.0,0,779.597,456.875,612.9630000000001,891.6560000000001,638.5319999999999,-0.527,1,0,0,0,0,0,0.0,1.0,0.0,0.0,0.0,0,0,1,0,0,0,0,1,0,0,842000.0,3.897,10.79,2.263,4.311,1063541.0,0.0
MLT,470,Malta,1.527,1.171,4.292,0.381,14.699000000000002,32.0,35.925,14.407,100.0,0.0,0.0,0.002,100.0,0,18255.73,,,,,1.003,0,0,1,0,0,0,0.0,1.0,0.0,0.0,0.0,0,0,0,0,0,0,0,0,0,0,0.0,,,,,10000.0,99.5
MMR,104,Myanmar,1.9880000000000002,0.332,5.517,0.5770000000000001,34.731,65755.0,21.123,96.514,25.529,0.0,50.245,0.287,30.3948,0,,395.686,662.868,1376.1789999999999,725.201,-1.3,0,1,0,0,0,0,0.0,0.0,1.0,0.0,0.0,0,1,0,0,0,0,0,0,0,0,0.0,,,,,3482202.0,0.0
MNG,496,Mongolia,1.057,0.765,3.352,0.309,12.623,156650.0,46.836000000000006,103.07,44.883,1.49,0.0,1.694,0.0,0,1620.4360000000001,435.42199999999997,912.424,1084.652,891.187,0.0,0,1,0,0,0,0,0.0,0.0,1.0,0.0,0.0,0,0,0,0,0,0,0,0,0,0,0.0,,,,,578516.0,1.0
MNP,580,Northern Mariana Islands,1.7,1.484,4.572,0.504,25.44,46.0,15.8,145.63,4.13,0.0,100.0,0.0,100.0,0,,,,,,,0,0,0,1,0,0,,,,,,0,0,0,0,0,0,0,0,0,0,0.0,,,,,,
MOZ,508,Mozambique,0.612,0.43799999999999994,1.653,0.17,4.54,78638.0,-17.264,35.549,55.38399999999999,0.0,87.365,0.21,30.756,0,876.868,1133.42,1403.62,1364.891,1278.82,-0.85,1,0,0,0,0,0,0.0,1.0,0.0,0.0,0.0,0,0,0,1,0,0,1,0,0,0,626000.0,9.264,2.185,5.268,3.298,786003.0,0.0
MRT,478,Mauritania,0.115,0.147,0.308,0.034,0.278,103070.0,20.264,-10.335999999999999,2.042,74.857,0.0,0.511,5.9946,0,1729.2079999999999,463.918,961.9910000000001,1016.92,856.331,-0.523,1,0,0,0,0,0,0.0,1.0,0.0,0.0,0.0,0,0,1,0,0,0,0,1,0,0,164000.0,4.4239999999999995,11.914000000000001,2.255,4.973,221211.0,0.0
MSR,500,Montserrat,3.395,2.824,9.256,1.0270000000000001,69.921,10.0,16.736,-62.193000000000005,0.0,0.0,100.0,0.0,100.0,0,,,,,,,0,0,0,0,1,0,,,,,,0,0,0,0,0,0,0,0,0,0,0.0,,,,,218.0,
MTQ,474,Martinique,1.206,0.659,3.3110000000000004,0.37799999999999995,11.619000000000002,106.0,14.649000000000001,-61.021,61.658,0.0,100.0,0.003,100.0,0,,,,,,1.255,0,0,0,0,1,0,0.0,1.0,0.0,0.0,0.0,0,0,0,0,0,0,0,0,0,0,0.0,,,,,3580.0,
MUS,480,Mauritius,0.9490000000000001,0.7879999999999999,2.436,0.28300000000000003,9.101,203.0,-20.131,57.879,52.217,0.0,100.0,0.006,100.0,0,9622.511999999999,2489.759,3969.0690000000004,10652.315,4876.056,0.7929999999999999,1,0,0,0,0,0,0.0,1.0,0.0,0.0,0.0,0,1,0,0,0,0,0,0,1,0,0.0,10.31,0.032,6.274,3.884,0.0,16.0
MWI,454,Malawi,1.0270000000000001,0.821,2.759,0.3,10.542,9408.0,-13.216,34.301,32.281,0.0,39.224000000000004,0.496,0.0,0,586.252,324.056,591.72,656.235,507.871,-0.53,1,0,0,0,0,0,1.0,0.0,0.0,0.0,0.0,0,1,0,0,0,0,1,0,0,0,125000.0,9.267000000000001,2.1830000000000003,4.821000000000001,2.9219999999999997,348220.0,0.0
MYS,458,Malaysia,1.0090000000000001,0.374,2.6839999999999997,0.316,12.87,32855.0,3.7910000000000004,109.709,49.196000000000005,0.0,100.0,0.057,83.2625,0,8926.452,1559.265,2648.422,8165.59,3467.013,0.517,0,1,0,0,0,0,1.0,0.0,0.0,0.0,0.0,0,1,0,0,0,0,0,0,0,0,0.0,,,,,296322.0,0.0
MYT,175,Mayotte,2.673,2.483,5.809,0.72,42.602,37.4,-12.82,45.143,50.771,0.0,100.0,0.002,100.0,0,,,,,,,1,0,0,0,0,0,0.0,1.0,0.0,0.0,0.0,0,0,0,0,0,0,0,0,1,0,0.0,10.107999999999999,1.551,4.995,2.722,0.0,
NAM,516,Namibia,0.9129999999999999,0.423,2.489,0.235,9.722999999999999,82329.0,-22.14,17.219,25.173000000000002,13.860999999999999,0.0,0.305,17.6842,55728,6057.856,2159.705,3333.925,3637.062,3181.151,0.293,1,0,0,0,0,0,1.0,0.0,0.0,0.0,0.0,0,1,0,0,0,0,1,0,0,0,190.351,5.683,5.792000000000001,5.981,4.685,93798.0,10.85
NCL,540,New Caledonia,1.5859999999999999,0.621,4.338,0.49200000000000005,24.913,1828.0,-21.299,165.66299999999998,54.443999999999996,0.0,94.292,0.008,100.0,0,22140.0,,,,,-0.86,0,0,0,1,0,0,0.0,1.0,0.0,0.0,0.0,0,0,1,0,0,0,0,0,0,0,0.0,,,,,31251.0,
NER,562,Niger,0.17800000000000002,0.222,0.48100000000000004,0.051,0.245,126670.0,17.424,9.401,8.236,39.21,0.032,1.186,0.0,0,703.1410000000001,617.031,658.875,486.397,683.153,-0.8370000000000001,1,0,0,0,0,0,0.0,1.0,0.0,0.0,0.0,0,0,1,0,0,0,0,1,0,0,19911.727,5.159,9.222999999999999,1.768,2.9539999999999997,705385.0,0.0
NFK,574,Norfolk Island,1.1540000000000001,0.812,3.266,0.35100000000000003,12.248,4.0,-29.026999999999997,167.956,,0.0,0.0,0.0,100.0,0,,,,,,,0,0,0,1,0,0,,,,,,0,0,0,0,0,0,0,0,0,0,0.0,,,,,,
NGA,566,Nigeria,0.312,0.22899999999999998,0.833,0.09300000000000001,1.5630000000000002,91077.0,9.585,8.092,56.263000000000005,0.0,73.44,0.491,9.17532,0,882.59,752.681,1416.6229999999998,1251.178,1109.575,-1.29,1,0,0,0,0,0,1.0,0.0,0.0,0.0,0.0,0,1,0,0,0,0,0,1,0,0,2020000.0,5.224,9.151,2.642,3.3139999999999996,5909180.0,0.0
NIC,558,Nicaragua,0.992,0.768,2.6710000000000003,0.28600000000000003,11.923,12140.0,12.841,-85.03299999999999,33.249,0.0,100.0,0.077,65.2217,0,3277.64,1615.7879999999998,3128.881,1520.5520000000001,2131.895,-0.657,0,0,0,0,1,0,0.0,1.0,0.0,0.0,0.0,1,0,0,0,0,0,0,0,0,0,0.0,,,,,100069.0,51.0
NIU,570,Niue,0.177,0.205,0.47200000000000003,0.055,0.0,26.0,-19.05,-169.86,26.923000000000002,0.0,100.0,0.0,100.0,0,,,,,,,0,0,0,1,0,0,1.0,0.0,0.0,0.0,0.0,0,0,0,0,0,0,0,0,0,0,0.0,,,,,,
NLD,528,Netherlands,0.037000000000000005,0.042,0.10800000000000001,0.012,0.0,3388.0,52.25,5.621,41.165,0.0,0.0,0.042,91.6192,0,28610.12,5996.128000000001,13373.628,22161.445,12961.165,1.79,0,0,1,0,0,0,0.0,1.0,0.0,0.0,0.0,0,0,0,0,0,0,0,0,0,0,0.0,,,,,600000.0,95.95
NOR,578,Norway,2.4090000000000003,1.245,8.516,0.6920000000000001,37.013000000000005,30428.0,64.467,14.082,0.073,0.0,0.0,0.053,79.6415,0,34207.82,5429.51,12271.317,25101.949,13253.486,1.95,0,0,1,0,0,0,0.0,0.0,0.0,0.0,1.0,0,0,0,0,0,0,0,0,0,0,0.0,,,,,400000.0,100.0
NPL,524,Nepal,5.043,1.26,14.458,1.493,75.265,14300.0,28.264,83.931,41.622,0.0,0.0,0.6970000000000001,0.0,0,1322.8729999999998,496.334,641.508,999.145,691.5269999999999,-0.177,0,1,0,0,0,0,1.0,0.0,0.0,0.0,0.0,0,0,0,0,0,0,0,0,0,0,0.0,,,,,1852093.0,0.0
NRU,520,Nauru,0.311,0.527,0.7809999999999999,0.08900000000000001,0.0,2.0,-0.6409999999999999,167.801,,0.0,100.0,0.0,100.0,0,,,,,,,0,0,0,1,0,0,1.0,0.0,0.0,0.0,0.0,0,1,0,0,0,0,0,0,0,0,0.0,,,,,,
NZL,554,New Zealand,2.0380000000000003,0.451,6.233,0.606,31.49,26771.0,-41.806000000000004,171.47799999999998,44.643,0.0,0.0,0.039,95.685,0,19614.94,8455.649,12488.613000000001,16170.117,11982.21,1.87,0,0,0,1,0,0,1.0,0.0,0.0,0.0,0.0,0,1,0,0,0,0,0,0,0,0,0.0,,,,,15000.0,80.6
OMN,512,Oman,1.109,0.8959999999999999,3.012,0.28300000000000003,12.216,30950.0,20.595,56.104,0.0,19.027,0.0,0.113,47.7134,0,12729.71,623.095,4267.115,7115.765,3880.417,0.843,0,1,0,0,0,0,0.0,1.0,0.0,0.0,0.0,0,1,0,0,0,0,0,0,0,0,0.0,,,,,200000.0,0.0
PAK,586,Pakistan,1.949,0.341,5.665,0.5589999999999999,25.078000000000003,77088.0,29.97,69.395,6.9879999999999995,11.184000000000001,0.0,0.589,11.0758,0,1925.391,643.02,977.6669999999999,1815.145,1110.924,-0.727,0,1,0,0,0,0,1.0,0.0,0.0,0.0,0.0,0,1,0,0,0,0,0,0,0,0,0.0,,,,,7669487.0,0.0
PAN,591,Panama,1.54,0.546,4.128,0.457,22.956,7443.0,8.513,-80.109,42.843,0.0,100.0,0.018000000000000002,100.0,0,6164.348000000001,1915.9620000000002,4198.462,5675.7519999999995,3954.735,-0.14300000000000002,0,0,0,0,1,0,0.0,1.0,0.0,0.0,0.0,1,0,0,0,0,0,0,0,0,0,0.0,,,,,66462.0,45.2
PCN,612,Pitcairn,0.40399999999999997,0.79,1.067,0.10400000000000001,7.4239999999999995,4.7,-24.430999999999997,-128.445,,0.0,100.0,0.0,100.0,0,,,,,,,0,0,0,1,0,0,,,,,,0,0,0,0,0,0,0,0,0,0,0.0,,,,,,
PER,604,Peru,1.347,0.991,3.653,0.42700000000000005,20.01,128000.0,-9.173,-74.361,21.743000000000002,0.54,55.788000000000004,0.325,16.7165,0,4722.525,2307.632,4325.977,3832.72,3502.972,-0.633,0,0,0,0,0,1,0.0,1.0,0.0,0.0,0.0,1,0,0,0,0,0,0,0,0,0,0.0,,,,,1888175.0,28.043000000000003
PHL,608,Philippines,2.028,0.574,5.428,0.583,34.183,29817.0,11.739,122.868,80.137,0.0,98.973,0.02,100.0,0,4027.548,1070.263,2033.2979999999998,2421.199,1893.0120000000002,-0.237,0,1,0,0,0,0,0.0,1.0,0.0,0.0,0.0,1,0,0,0,0,0,0,0,0,0,0.0,,,,,362390.0,0.0
PLW,585,Palau,0.475,0.38,1.2930000000000001,0.14800000000000002,0.0,46.0,7.801,135.16,13.043,0.0,100.0,0.0,100.0,0,,,,,,,0,0,0,1,0,0,,,,,,0,0,0,0,0,0,0,0,0,0,0.0,,,,,,
PNG,598,Papua New Guinea,1.589,0.98,4.217,0.491,25.221999999999998,45286.0,-6.476,145.252,46.833,0.0,100.0,0.071,71.2843,0,2325.738,,,,,-0.68,0,0,0,1,0,0,1.0,0.0,0.0,0.0,0.0,0,1,0,0,0,0,0,0,0,0,0.0,,,,,866855.0,0.0
POL,616,Poland,0.297,0.259,0.951,0.084,1.2,30436.0,52.123999999999995,19.401,48.41,0.0,0.0,0.28300000000000003,14.8703,0,10401.36,2446.893,5807.87,7308.8369999999995,4706.412,0.643,0,0,1,0,0,0,0.0,0.0,1.0,0.0,0.0,0,0,0,0,0,0,0,0,0,0,0.0,,,,,2750000.0,100.0
PRI,630,Puerto Rico,1.4469999999999998,0.6990000000000001,3.928,0.41600000000000004,19.25,887.0,18.225,-66.464,59.18600000000001,0.0,100.0,0.012,100.0,0,22242.23,2143.823,6946.214,14105.683,7177.505999999999,0.917,0,0,0,0,1,0,0.0,1.0,0.0,0.0,0.0,1,0,0,0,0,0,0,0,0,0,0.0,,,,,35772.0,66.3
PRK,408,Democratic People's Republic of Korea,2.521,0.884,7.681,0.71,52.428000000000004,12041.0,40.143,127.17399999999999,24.281,0.0,0.0,0.064,80.0171,0,,853.857,2840.967,1169.178,1933.106,-0.977,0,1,0,0,0,0,0.0,0.0,1.0,0.0,0.0,0,0,0,0,0,0,0,0,0,0,0.0,,,,,1191757.0,0.0
PRT,620,Portugal,1.304,0.9670000000000001,3.937,0.369,15.522,9150.0,39.593,-8.531,34.264,0.0,0.0,0.07200000000000001,70.0621,0,18255.28,2086.406,6517.205,13813.426000000001,6861.499,1.167,0,0,1,0,0,0,0.0,1.0,0.0,0.0,0.0,0,0,0,0,0,0,0,0,0,0,0.0,,,,,900000.0,98.27
PRY,600,Paraguay,0.245,0.479,0.6809999999999999,0.067,0.22399999999999998,39730.0,-23.245,-58.393,28.750999999999998,0.0,57.034,0.847,0.0,0,4553.069,1584.366,2220.024,3013.877,2405.144,-0.8170000000000001,0,0,0,0,0,1,0.0,1.0,0.0,0.0,0.0,1,0,0,0,0,0,0,0,0,0,0.0,,,,,174110.0,52.85
PSE,275,Occupied Palestinian Territory,2.775,1.754,7.9270000000000005,0.706,54.906000000000006,602.0,31.914,35.207,62.369,0.0,0.0,0.046,100.0,0,,949.299,2329.271,5124.096,2596.531,-0.075,0,1,0,0,0,0,,,,,,0,0,0,0,0,0,0,0,0,0,0.0,,,,,183675.0,
PYF,258,French Polynesia,2.072,1.389,5.6370000000000005,0.645,40.29,366.0,-15.345999999999998,-145.232,6.284,0.0,96.819,0.001,100.0,0,24538.31,,,,,,0,0,0,1,0,0,0.0,1.0,0.0,0.0,0.0,0,0,1,0,0,0,0,0,0,0,0.0,,,,,24449.0,
QAT,634,Qatar,0.18100000000000002,0.156,0.493,0.047,0.0,1100.0,25.293000000000003,51.199,0.0,1.7819999999999998,0.0,0.015,100.0,0,,30387.131,35198.262,8290.317,23511.402000000002,0.433,0,1,0,0,0,0,0.0,1.0,0.0,0.0,0.0,0,1,0,0,0,0,0,0,0,0,0.0,,,,,6897.0,0.9
REU,638,Reunion,3.873,0.9620000000000001,10.657,1.208,67.425,250.0,-21.121,55.54,16.4,0.0,58.336000000000006,0.008,100.0,0,,1989.306,3821.115,4588.492,3412.1809999999996,,1,0,0,0,0,0,0.0,1.0,0.0,0.0,0.0,0,0,0,0,0,0,0,0,1,0,0.0,10.09,0.20800000000000002,6.256,3.8789999999999996,0.0,
ROU,642,Romania,1.2670000000000001,0.555,4.005,0.35700000000000004,16.71,22971.0,45.843,24.986,69.642,0.0,0.0,0.36700000000000005,6.7651,0,5889.3240000000005,1181.952,3761.37,3005.54,2935.7059999999997,-0.15,0,0,1,0,0,0,0.0,0.0,1.0,0.0,0.0,0,0,0,0,0,0,0,0,0,0,0.0,,,,,1250000.0,99.43
RUS,643,Russian Federation,0.94,0.355,3.278,0.267,11.412,1638134.0,61.99,96.711,17.718,0.055999999999999994,0.0,1.841,2.76605,205550,7095.689,,,5276.656999999999,,-0.873,0,0,1,0,0,0,0.0,0.0,1.0,0.0,0.0,0,0,0,0,0,0,0,0,0,0,0.0,,,,,6481410.0,99.5
RWA,646,Rwanda,3.3089999999999997,3.178,8.748,0.855,64.627,2467.0,-2.003,29.923000000000002,42.97,0.0,68.88,0.946,0.0,0,1039.172,546.9019999999999,805.6489999999999,818.696,739.706,-1.4,1,0,0,0,0,0,0.0,1.0,0.0,0.0,0.0,0,0,0,0,1,0,0,0,1,0,0.0,10.754000000000001,2.623,3.568,2.102,211005.0,0.0
SAU,682,Saudi Arabia,0.914,0.688,2.5140000000000002,0.231,8.891,214969.0,24.096999999999998,44.562,0.0,37.258,0.0,0.304,13.6641,0,12374.11,2230.766,11787.042,7647.705,7612.613,0.34299999999999997,0,1,0,0,0,0,1.0,0.0,0.0,0.0,0.0,0,0,0,0,0,0,0,0,0,0,0.0,,,,,2000000.0,0.0
SCG,891,Serbia and Montenegro,1.673,0.711,5.144,0.48,27.128,10200.0,43.86600000000001,20.599,67.976,0.0,0.0,0.23600000000000002,11.654000000000002,0,,,,2313.6079999999997,,-1.16,0,0,1,0,0,0,0.0,0.0,1.0,0.0,0.0,0,0,0,0,0,0,0,0,0,0,0.0,,,,,981591.0,98.68
SDN,736,Sudan,0.442,0.292,1.186,0.11599999999999999,2.891,237600.0,13.887,30.09,19.8,2.16,20.679000000000002,0.917,2.92113,0,1682.674,820.837,910.048,991.2539999999999,903.6389999999999,-1.547,1,0,0,0,0,0,1.0,0.0,0.0,0.0,0.0,0,1,0,0,0,0,0,0,1,0,864000.0,15.253,3.528,1.827,0.983,3776350.0,0.0
SEN,686,Senegal,0.244,0.24600000000000002,0.647,0.065,0.168,19253.0,14.360999999999999,-14.474,60.496,0.0,34.999,0.165,32.4713,0,1435.082,1258.8980000000001,1396.079,1358.175,1348.293,-0.207,1,0,0,0,0,0,0.0,1.0,0.0,0.0,0.0,0,0,1,0,0,0,0,1,0,0,377000.0,3.898,10.790999999999999,3.035,5.518,442565.0,1.3
SGP,702,Singapore,0.016,0.004,0.036000000000000004,0.005,0.0,67.0,1.361,103.82,3.488,0.0,100.0,0.003,100.0,0,23611.61,2218.9610000000002,6430.213000000001,22518.17,8339.448,1.577,0,1,0,0,0,0,1.0,0.0,0.0,0.0,0.0,0,1,0,0,0,0,0,0,0,0,0.0,,,,,49570.0,0.5
SHN,654,Saint Helena,3.863,2.3680000000000003,11.182,1.205,72.252,39.0,-25.656,-10.466,10.255999999999998,0.0,0.0,0.001,100.0,0,,,,,,,1,0,0,0,0,0,,,,,,0,0,0,0,0,0,0,0,0,1,0.0,3.5410000000000004,7.5120000000000005,5.803999999999999,6.07,0.0,
SJM,744,Svalbard and Jan Mayen Islands,1.6230000000000002,1.278,6.575,0.46399999999999997,24.247,,78.845,18.31,,0.0,0.0,0.276,13.7615,0,,,,,,,0,0,1,0,0,0,,,,,,0,0,0,0,0,0,0,0,0,0,0.0,,,,,,
SLB,90,Solomon Islands,1.54,1.109,4.111000000000001,0.47600000000000003,21.213,2799.0,-8.895,159.601,80.002,0.0,100.0,0.003,100.0,0,1862.47,,,,,-1.195,0,0,0,1,0,0,1.0,0.0,0.0,0.0,0.0,0,1,0,0,0,0,0,0,0,0,0.0,,,,,43289.0,
SLE,694,Sierra Leone,0.498,0.574,1.317,0.14400000000000002,1.943,7162.0,8.561,-11.790999999999999,7.546,0.0,100.0,0.1,51.5546,16819,466.647,656.268,1125.7089999999998,409.87199999999996,904.314,-1.29,1,0,0,0,0,0,1.0,0.0,0.0,0.0,0.0,0,1,0,0,0,0,0,1,0,0,69606.719,3.705,10.187999999999999,3.4739999999999998,5.41,338261.0,0.0
SLV,222,El Salvador,1.75,1.0,4.746,0.518,26.108,2072.0,13.724,-88.869,65.938,0.0,100.0,0.039,99.6575,0,4594.274,1488.8129999999999,2503.697,2715.551,2147.779,-0.743,0,0,0,0,1,0,0.0,1.0,0.0,0.0,0.0,1,0,0,0,0,0,0,0,0,0,0.0,,,,,150732.0,50.0
SMR,674,San Marino,1.8019999999999998,1.925,5.497000000000001,0.522,14.144,6.0,43.943999999999996,12.459000000000001,0.0,0.0,0.0,0.025,100.0,0,,,,,,,0,0,1,0,0,0,0.0,1.0,0.0,0.0,0.0,0,0,0,0,0,0,0,0,0,0,0.0,,,,,,
SOM,706,Somalia,0.65,0.45,1.7109999999999999,0.17,6.914,62734.0,6.061,45.867,7.535,3.358,0.0,0.126,44.7664,0,,1056.633,1201.617,863.075,1117.015,-2.2030000000000003,1,0,0,0,0,0,1.0,0.0,0.0,0.0,0.0,0,0,0,0,1,0,0,0,1,0,32276.752,12.058,2.358,3.09,0.695,661618.0,0.0
SPM,666,Saint Pierre and Miquelon,0.833,1.054,2.467,0.247,2.892,23.0,46.93600000000001,-56.323,0.0,0.0,0.0,0.001,100.0,0,,,,,,,0,0,0,0,1,0,,,,,,0,0,0,0,0,0,0,0,0,0,0.0,,,,,,
STP,678,Sao Tome and Principe,2.347,0.8759999999999999,5.9910000000000005,0.71,42.126999999999995,96.0,0.446,6.727,88.01299999999999,0.0,100.0,0.004,100.0,0,,820.3580000000001,1421.4470000000001,1225.896,1255.8410000000001,-0.205,1,0,0,0,0,0,0.0,1.0,0.0,0.0,0.0,0,0,0,1,0,0,0,0,0,1,0.0,5.197,8.474,3.67,3.932,0.0,
SUR,740,Suriname,0.307,0.034,0.815,0.096,0.743,15600.0,4.133,-55.911,22.425,0.0,100.0,0.191,25.756999999999998,0,,,,,,-0.32299999999999995,0,0,0,0,0,1,0.0,1.0,0.0,0.0,0.0,0,0,0,0,1,0,0,0,0,0,0.0,,,,,,
SVK,703,Slovakia,1.56,0.672,5.043,0.442,23.419,4810.0,48.707,19.487000000000002,60.924,0.0,0.0,0.5539999999999999,0.0,0,11303.75,,,8219.698,,0.263,0,0,1,0,0,0,0.0,0.0,1.0,0.0,0.0,0,0,0,0,0,0,0,0,0,0,0.0,,,,,698933.0,99.61
SVN,705,Slovenia,2.496,0.746,7.712999999999999,0.711,39.108000000000004,2014.0,46.111999999999995,14.823,67.604,0.0,0.0,0.091,61.6056,0,16873.33,,,12876.633,,0.973,0,0,1,0,0,0,0.0,0.0,1.0,0.0,0.0,0,0,0,0,0,0,0,0,0,0,0.0,,,,,202779.0,100.0
SWE,752,Sweden,0.715,0.34299999999999997,2.53,0.207,3.8680000000000003,41033.0,62.777,16.759,15.853,0.0,0.0,0.223,21.2438,0,25899.88,6739.231,14183.347,20709.986,13259.333,1.8130000000000002,0,0,1,0,0,0,0.0,0.0,0.0,0.0,1.0,0,0,0,0,0,0,0,0,0,0,0.0,,,,,800000.0,99.3
SWZ,748,Swaziland,3.063,2.301,8.574,0.775,54.481,1720.0,-26.565,31.500999999999998,54.413000000000004,0.0,2.8760000000000003,0.113,36.2172,426,4681.445,721.0889999999999,2461.908,2630.322,1902.181,-0.16,1,0,0,0,0,0,1.0,0.0,0.0,0.0,0.0,0,1,0,0,0,0,1,0,0,0,0.0,8.291,2.622,6.295,4.423,9707.0,2.8
SYC,690,Seychelles,4.885,1.8019999999999998,11.129000000000001,1.278,54.101000000000006,46.0,-6.723,51.924,13.043,0.0,100.0,0.0,100.0,0,17957.47,1912.2579999999998,3250.8740000000003,6353.528,3625.007,0.58,1,0,0,0,0,0,0.0,1.0,0.0,0.0,0.0,0,1,0,0,0,0,0,0,1,0,0.0,11.457,1.742,4.635,2.253,0.0,
SYR,760,Syrian Arab Republic,0.7559999999999999,0.741,2.174,0.198,6.63,18378.0,35.014,38.498000000000005,52.909,3.445,0.0,0.244,16.7091,0,3242.195,2408.502,5570.151999999999,7368.3009999999995,4961.027,-0.36700000000000005,0,1,0,0,0,0,0.0,1.0,0.0,0.0,0.0,0,0,1,0,0,0,0,0,0,0,0.0,,,,,1306601.0,0.0
TCA,796,Turks and Caicos Islands,0.006999999999999999,0.01,0.013000000000000001,0.003,0.0,43.0,21.75,-71.85600000000001,0.0,0.0,100.0,0.001,100.0,0,,,,,,,0,0,0,0,1,0,,,,,,0,0,0,0,0,0,0,0,0,0,0.0,,,,,,
TCD,148,Chad,0.419,0.19699999999999998,1.135,0.11199999999999999,3.605,125920.0,15.365,18.667,19.262,21.72,13.413,1.254,0.0,0,821.15,475.50199999999995,550.5,428.787,472.88300000000004,-0.92,1,0,0,0,0,0,0.0,1.0,0.0,0.0,0.0,0,0,1,0,0,0,0,0,0,1,529000.0,5.581,8.876,1.879,2.026,776187.0,0.0
TGO,768,Togo,0.28,0.247,0.745,0.08800000000000001,0.981,5439.0,8.527999999999999,0.977,56.646,0.0,100.0,0.263,16.778,0,1436.855,573.994,1055.553,614.222,833.23,-0.893,1,0,0,0,0,0,0.0,1.0,0.0,0.0,0.0,0,0,1,0,0,0,0,1,0,0,290000.0,4.926,9.258,3.009,4.085,231251.0,0.0
THA,764,Thailand,1.051,0.18899999999999997,2.826,0.302,16.408,51089.0,15.107000000000001,101.01799999999999,20.144000000000002,0.0,99.546,0.193,29.3876,0,6279.51,817.049,1958.72,6397.871,2729.1209999999996,0.47700000000000004,0,1,0,0,0,0,1.0,0.0,0.0,0.0,0.0,0,0,0,0,0,0,0,0,0,0,0.0,,,,,1741101.0,0.0
TJK,762,Tajikistan,5.301,1.033,15.975999999999999,1.54,75.473,13996.0,38.527,71.038,17.449,0.025,0.0,1.505,0.0,0,785.4689999999999,,,883.1619999999999,,-1.61,0,1,0,0,0,0,0.0,0.0,1.0,0.0,0.0,0,0,0,0,0,0,0,0,0,0,0.0,,,,,286375.0,3.9
TKL,772,Tokelau,0.0,0.0,0.0,0.0,0.0,1.0,-9.088,-171.83,,0.0,100.0,0.0,100.0,0,,,,,,,0,0,0,1,0,0,1.0,0.0,0.0,0.0,0.0,0,0,0,0,0,0,0,0,0,0,0.0,,,,,,
TKM,795,Turkmenistan,0.284,0.248,0.8340000000000001,0.08199999999999999,1.426,46993.0,39.194,59.178000000000004,3.97,55.086999999999996,0.0,1.286,0.0,0,3667.555,,,2324.556,,-1.18,0,1,0,0,0,0,0.0,0.0,1.0,0.0,0.0,0,0,0,0,0,0,0,0,0,0,0.0,,,,,226444.0,5.5
TLS,626,Timor-Leste,1.85,1.286,5.001,0.584,28.298000000000002,1487.0,-8.827,125.85799999999999,64.979,0.0,100.0,0.013000000000000001,100.0,0,,,,,,,0,1,0,0,0,0,,,,,,0,0,0,0,0,0,0,0,0,0,0.0,,,,,36325.0,0.0
TON,776,Tonga,0.773,0.07,1.992,0.22399999999999998,9.737,72.0,-19.859,-174.847,100.0,0.0,100.0,0.0,100.0,0,6568.724,,,,,-0.38,0,0,0,1,0,0,1.0,0.0,0.0,0.0,0.0,0,1,0,0,0,0,0,0,0,0,0.0,,,,,19021.0,
TTO,780,Trinidad and Tobago,0.603,0.521,1.611,0.184,5.099,513.0,10.469000000000001,-61.257,50.38399999999999,0.0,100.0,0.008,100.0,0,8969.766,3674.051,9117.805,13681.761,8591.538,0.42,0,0,0,0,1,0,1.0,0.0,0.0,0.0,0.0,0,1,0,0,0,0,0,0,0,0,0.0,,,,,10258.0,7.1
TUN,788,Tunisia,0.726,0.585,2.079,0.198,7.434,15536.0,34.12,9.579,31.726999999999997,20.664,0.0,0.114,48.8258,0,6251.5509999999995,1114.596,2446.0589999999997,4552.262,2441.64,-0.083,1,0,0,0,0,0,0.0,1.0,0.0,0.0,0.0,0,0,1,0,0,1,0,0,0,0,0.0,7.48,15.833,0.31,3.205,836512.0,0.0
TUR,792,Turkey,2.62,1.192,7.773,0.732,40.909,76963.0,39.061,35.174,65.295,0.0,0.0,0.152,38.9877,0,6510.354,1622.933,3894.789,6609.014,3821.776,-0.04,0,1,0,0,0,0,0.0,1.0,0.0,0.0,0.0,0,0,0,0,0,0,0,0,0,0,0.0,,,,,6438306.0,10.0
TUV,798,Tuvalu,0.025,0.02,0.055,0.008,0.0,3.0,-7.414,178.05200000000002,66.667,0.0,100.0,0.0,100.0,0,,,,,,1.69,0,0,0,1,0,0,1.0,0.0,0.0,0.0,0.0,0,1,0,0,0,0,0,0,0,0,0.0,,,,,,
TWN,158,Taiwan,3.49,0.429,9.785,1.032,56.543,3615.0,23.752,120.95299999999999,9.843,0.0,8.846,0.023,100.0,0,,924.393,3958.3959999999997,16858.584,5906.895,0.867,0,1,0,0,0,0,0.0,0.0,0.0,1.0,0.0,0,0,0,0,0,0,0,0,0,0,0.0,,,,,174110.0,0.0
TZA,834,United Republic of Tanzania,0.677,0.541,1.814,0.201,5.346,88580.0,-6.266,34.826,39.711,0.0,88.294,0.42,10.2759,9035,521.827,423.714,600.268,535.125,527.04,-0.43,1,0,0,0,0,0,1.0,0.0,0.0,0.0,0.0,0,1,0,0,0,0,0,0,1,0,535000.0,10.595,2.5580000000000003,4.056,2.187,1496403.0,0.0
UGA,800,Uganda,0.9129999999999999,0.779,2.424,0.251,8.765,19710.0,1.2819999999999998,32.388000000000005,13.095,0.02,97.78299999999999,0.909,0.0,0,1243.514,686.8539999999999,784.2869999999999,796.523,699.696,-0.7,1,0,0,0,0,0,1.0,0.0,0.0,0.0,0.0,0,1,0,0,0,0,0,0,1,0,4553.603,10.995999999999999,2.699,3.2039999999999997,1.65,1322790.0,0.0
UKR,804,Ukraine,0.41600000000000004,0.359,1.317,0.11699999999999999,1.9880000000000002,57935.0,49.00899999999999,31.410999999999998,69.003,0.0,0.0,0.365,13.6144,0,4108.69,,,2745.3340000000003,,-0.823,0,0,1,0,0,0,0.0,0.0,1.0,0.0,0.0,0,0,0,0,0,0,0,0,0,0,0.0,,,,,2347003.0,100.0
UMI,581,United States Minor Outlying Islands,0.005,0.035,0.011000000000000001,0.001,0.0,,7.141,-153.655,,0.0,100.0,0.0,100.0,0,,,,,,,0,1,0,0,0,0,,,,,,0,0,0,0,0,0,0,0,0,0,0.0,,,,,,
URY,858,Uruguay,0.435,0.391,1.2830000000000001,0.114,0.136,17502.0,-32.802,-56.013000000000005,68.979,0.0,0.0,0.142,37.4727,0,8781.518,4659.398,5421.178000000001,7883.267,5841.658,0.55,0,0,0,0,0,1,0.0,1.0,0.0,0.0,0.0,1,0,0,0,0,0,0,0,0,0,0.0,,,,,,91.89
USA,840,United States of America,1.073,0.33299999999999996,3.384,0.304,14.317,916192.0,45.718,-112.98200000000001,41.6,0.278,0.358,0.677,13.1656,0,33970.17,9561.348,16283.633,28448.85,17349.756,1.6969999999999998,0,0,0,0,1,0,1.0,0.0,0.0,0.0,0.0,0,1,0,0,0,0,0,0,0,0,0.0,,,,,783496.0,76.02
UZB,860,Uzbekistan,0.526,0.243,1.589,0.154,5.782,42540.0,41.633,63.341,11.72,32.152,0.0,1.645,0.0,0,1515.7079999999999,,,3478.961,,-1.023,0,1,0,0,0,0,0.0,0.0,1.0,0.0,0.0,0,0,0,0,0,0,0,0,0,0,0.0,,,,,1180650.0,7.5
VAT,336,Holy See,0.43799999999999994,0.428,1.162,0.126,0.0,,41.903999999999996,12.450999999999999,100.0,0.0,0.0,0.02,100.0,0,,,,,,,0,0,1,0,0,0,,,,,,0,0,0,0,0,0,0,0,0,0,0.0,,,,,,
VCT,670,Saint Vincent and the Grenadines,3.071,1.8780000000000001,8.401,0.892,61.286,39.0,13.185,-61.205,38.818000000000005,0.0,100.0,0.001,100.0,0,5334.509,,,,,0.06,0,0,0,0,1,0,1.0,0.0,0.0,0.0,0.0,0,1,0,0,0,0,0,0,0,0,0.0,,,,,1081.0,
VEN,862,Venezuela (Bolivarian Republic of),0.634,0.594,1.716,0.20199999999999999,5.994,88205.0,7.132000000000001,-66.153,21.566999999999997,0.0,96.75200000000001,0.306,25.2528,5124,5685.12,7461.959,10471.646999999999,8414.729,9366.497,-0.73,0,0,0,0,0,1,0.0,1.0,0.0,0.0,0.0,1,0,0,0,0,0,0,0,0,0,0.0,,,,,377635.0,54.5
VGB,92,British Virgin Islands,1.2570000000000001,1.8730000000000002,3.1310000000000002,0.34,19.147000000000002,15.0,18.511,-64.518,100.0,0.0,100.0,0.0,100.0,0,,,,,,,0,0,0,0,1,0,,,,,,0,0,0,0,0,0,0,0,0,0,0.0,,,,,120.0,
VIR,850,United States Virgin Islands,1.4040000000000001,1.268,3.6519999999999997,0.395,17.088,35.0,17.985,-64.805,100.0,0.0,100.0,0.001,100.0,0,,,,,,,0,0,0,0,1,0,1.0,0.0,0.0,0.0,0.0,0,0,0,0,0,0,0,0,0,0,0.0,,,,,432.0,
VNM,704,Viet Nam,2.0540000000000003,0.439,5.603,0.583,36.775,31106.0,16.643,106.306,12.15,0.0,56.535,0.11199999999999999,57.8169,0,2011.743,658.076,709.929,1808.773,932.382,-0.5529999999999999,0,1,0,0,0,0,0.0,0.0,1.0,0.0,0.0,0,0,1,0,0,0,0,0,0,0,0.0,,,,,1665106.0,0.0
VUT,548,Vanuatu,1.729,1.041,4.709,0.545,24.993000000000002,1219.0,-16.195999999999998,167.703,79.892,0.0,100.0,0.002,100.0,0,3172.14,,,,,-0.455,0,0,0,1,0,0,1.0,0.0,0.0,0.0,0.0,0,1,0,0,0,0,0,0,0,0,0.0,,,,,22994.0,
WLF,876,Wallis and Futuna Islands,1.306,0.977,3.505,0.4,24.238000000000003,14.0,-13.829,-177.19400000000002,42.857,0.0,100.0,0.0,100.0,0,,,,,,,0,0,0,1,0,0,,,,,,0,0,0,0,0,0,0,0,0,0,0.0,,,,,,
WSM,882,Samoa,1.6769999999999998,0.968,4.644,0.5489999999999999,22.244,283.0,-13.738,-172.168,100.0,0.0,100.0,0.003,100.0,0,4860.269,,,,,0.36,0,0,0,1,0,0,1.0,0.0,0.0,0.0,0.0,0,1,0,0,0,0,0,0,0,0,0.0,,,,,33072.0,
YEM,887,Yemen,2.323,2.197,6.155,0.591,33.06,52797.0,15.863,47.58,0.0,10.75,0.0,0.14800000000000002,38.1163,0,787.7489999999999,911.2310000000001,1783.5479999999998,2619.284,1703.219,-1.127,0,1,0,0,0,0,0.0,1.0,0.0,0.0,0.0,0,1,0,0,0,0,0,0,0,0,0.0,,,,,2250000.0,0.0
ZAF,710,South Africa,1.761,1.318,4.942,0.45,23.956999999999997,121447.0,-29.004,25.094,27.647,4.386,0.179,0.306,18.9404,144785,9419.122,2534.946,4270.851,3978.219,3667.3990000000003,0.207,1,0,0,0,0,0,1.0,0.0,0.0,0.0,0.0,0,1,0,0,0,0,1,0,0,0,2030.6629999999998,6.766,3.457,6.584,4.895,486527.0,18.0
ZMB,894,Zambia,0.5329999999999999,0.506,1.422,0.145,2.455,74339.0,-13.458,27.794,23.114,0.0,17.132,0.9,0.0,0,774.01,660.91,1040.744,645.375,863.6419999999999,-0.5870000000000001,1,0,0,0,0,0,1.0,0.0,0.0,0.0,0.0,0,1,0,0,0,0,1,0,0,0,27957.102000000003,9.027000000000001,2.3890000000000002,4.849,3.253,348220.0,1.0
ZWE,716,Zimbabwe,1.194,1.1059999999999999,3.2319999999999998,0.306,13.837,38685.0,-19.0,29.869,54.876999999999995,0.0,8.401,0.499,0.0,898,2499.215,700.9789999999999,1401.8110000000001,1327.85,1163.542,-0.813,1,0,0,0,0,0,1.0,0.0,0.0,0.0,0.0,0,1,0,0,0,0,1,0,0,0,1088.177,9.027000000000001,2.3890000000000002,5.454,3.696,174110.0,1.0
